video_id,face_present,num_faces,face_size_ratios,width,height,resolution,aspect_ratio,brightness,contrast,saturation,hue,estimated_gamma,sharpness
8dmz6PwFZ9A.jpg,1,1,[0.0117],1280,720,921600,1.78,84.8,64.52,86.48,75.63,74.54,653.01
BQ2r5soiGok.jpg,1,1,[0.0118],1280,720,921600,1.78,62.4,45.46,59.43,62.76,54.56,51.28
A0ZaKQdxnHY.jpg,1,1,[0.0172],1280,720,921600,1.78,68.26,46.31,153.34,150.47,49.31,61.81
FQ4J7h3FkCQ.jpg,1,1,[0.0118],1280,720,921600,1.78,87.02,63.88,66.92,74.95,78.13,438.72
O4dP38Mn5e0.jpg,0,0,[0],480,360,172800,1.33,132.72,89.7,54.65,15.69,118.45,683.19
z5mgvFqr0qo.jpg,0,0,[0],1280,720,921600,1.78,142.39,70.69,54.58,74.76,131.22,158.39
4Es0eJ1o4ZY.jpg,0,0,[0],1280,720,921600,1.78,199.18,67.85,154.79,165.96,134.79,77.22
6iOEv-uEn-8.jpg,1,2,"[0.0352, 0.0352]",1280,720,921600,1.78,92.76,63.45,74.92,23.33,78.02,185.64
Lf6ECaSoGZ4.jpg,0,0,[0],1280,720,921600,1.78,107.07,89.83,0.0,0.0,107.07,1417.25
MpKA6OFK0Ac.jpg,0,0,[0],1280,720,921600,1.78,210.44,49.61,86.96,158.93,170.79,187.52
H75pcqkuBRA.jpg,0,0,[0],1280,720,921600,1.78,131.37,73.77,65.55,68.66,119.08,224.38
7KZuJJf89J0.jpg,1,1,[0.0172],1280,720,921600,1.78,100.75,41.26,66.58,46.25,84.66,118.65
Kmv6_27JkbY.jpg,1,1,[0.0246],1280,720,921600,1.78,131.5,58.97,120.02,25.31,102.96,314.34
Wuuz3TapHe0.jpg,1,1,[0.1046],1280,720,921600,1.78,104.63,47.45,62.21,25.58,90.79,15.83
EFfNWxwddkk.jpg,0,0,[0],1280,720,921600,1.78,76.38,63.96,75.21,75.89,64.71,133.82
Po6jBmcXAKk.jpg,1,2,"[0.0728, 0.2168]",1280,720,921600,1.78,95.83,56.0,121.19,17.23,71.01,215.07
Lqb5MNP_HZg.jpg,0,0,[0],1280,720,921600,1.78,93.13,55.36,83.7,50.77,76.96,481.46
NP-efSVCySc.jpg,0,0,[0],1280,720,921600,1.78,223.7,68.08,84.91,107.55,182.95,406.0
GYS51snmbfk.jpg,0,0,[0],1280,720,921600,1.78,46.62,53.27,58.21,83.68,44.03,66.97
DUAjCKCxkJ0.jpg,0,0,[0],1280,720,921600,1.78,63.16,48.64,40.35,54.15,59.09,199.0
396n6UYgG30.jpg,0,0,[0],1280,720,921600,1.78,68.54,52.38,48.13,64.33,63.62,161.61
mpkzYkEBVkA.jpg,1,1,[0.0728],1280,720,921600,1.78,126.57,61.53,83.96,38.3,107.52,34.64
VAJVz7H3J3U.jpg,0,0,[0],1280,720,921600,1.78,193.26,66.99,132.34,80.84,152.61,350.87
mqz-eMvDaqU.jpg,1,1,[0.0058],1280,720,921600,1.78,92.56,55.23,94.08,107.17,76.27,374.6
k7n-5FgisWY.jpg,0,0,[0],1280,720,921600,1.78,89.38,47.93,111.55,128.32,67.6,55.67
FsiRT70n0jM.jpg,0,0,[0],1280,720,921600,1.78,62.3,55.18,50.93,93.31,56.91,251.92
VXA-DtcdsAQ.jpg,1,1,[0.012],1280,720,921600,1.78,172.32,68.78,74.94,137.05,153.15,80.61
rY4PAn5BG8I.jpg,0,0,[0],1280,720,921600,1.78,219.5,61.77,96.03,109.92,168.75,302.32
3wAMKUExgP0.jpg,0,0,[0],1280,720,921600,1.78,165.77,47.49,36.63,34.66,155.91,388.96
hZPLhpsEr8s.jpg,1,1,[0.012],1280,720,921600,1.78,94.64,60.29,71.9,120.68,80.17,137.57
Gmrb6tOh_RI.jpg,1,1,[0.0728],1280,720,921600,1.78,36.87,40.14,62.67,41.98,30.38,39.43
daNrVkbQAZI.jpg,0,0,[0],1280,720,921600,1.78,252.74,20.12,3.54,16.66,251.34,138.7
-NehJ5ApZ1Y.jpg,0,0,[0],1280,720,921600,1.78,1.64,15.14,0.0,0.0,1.64,99.84
Gx2iyuz0A38.jpg,0,0,[0],1280,720,921600,1.78,83.95,48.66,111.38,87.71,66.51,47.16
vgJeS5uB004.jpg,0,0,[0],1280,720,921600,1.78,94.48,52.26,125.23,128.31,68.43,47.43
rEHjcktf7qE.jpg,0,0,[0],1280,720,921600,1.78,85.13,59.88,73.36,85.85,74.53,205.15
vOOOkqvqfFY.jpg,1,1,[0.1049],1280,720,921600,1.78,61.14,54.77,37.75,41.53,51.11,116.15
KMvhoehZIzE.jpg,0,0,[0],1280,720,921600,1.78,29.08,30.85,102.93,33.25,23.67,680.89
0_XoNw4sSVE.jpg,0,0,[0],480,360,172800,1.33,137.19,82.83,152.7,50.39,89.38,1086.92
f6gk8z5yKU4.jpg,1,2,"[0.0638, 0.0911]",480,360,172800,1.33,44.77,47.25,53.39,78.92,38.93,377.67
JJwJ-r9BHQs.jpg,0,0,[0],1280,720,921600,1.78,41.67,48.48,65.93,87.85,39.06,55.08
69YFyXF5cZE.jpg,1,1,[0.1506],1280,720,921600,1.78,41.86,32.48,64.7,87.44,34.46,12.52
_ep8NqglbQQ.jpg,0,0,[0],1280,720,921600,1.78,100.41,60.16,172.15,121.14,72.33,135.01
jzm-vAlIxo4.jpg,0,0,[0],1280,720,921600,1.78,101.55,61.89,75.31,76.38,85.83,302.57
GVK3Iuko3XY.jpg,0,0,[0],1280,720,921600,1.78,79.65,59.89,180.05,104.32,54.85,122.63
t7Dj1ihPIXI.jpg,0,0,[0],1280,720,921600,1.78,49.18,51.37,105.19,85.82,36.38,300.25
AFGJJhmg2ts.jpg,1,1,[0.0506],1280,720,921600,1.78,142.86,52.23,58.06,108.08,126.52,39.85
ZALcVEBht1Y.jpg,0,0,[0],1280,720,921600,1.78,103.13,94.35,78.69,92.98,89.97,456.7
9bTn1Kvh3R0.jpg,1,1,[0.0728],1280,720,921600,1.78,144.42,57.96,63.04,73.47,128.51,30.03
ab4dOtKBe5E.jpg,0,0,[0],1280,720,921600,1.78,203.78,97.66,123.41,28.83,140.88,1136.87
tV4-36g8bN4.jpg,0,0,[0],1280,720,921600,1.78,75.78,77.69,109.1,59.61,59.52,876.0
fFHDlEaGbw8.jpg,0,0,[0],480,360,172800,1.33,69.08,62.62,27.72,26.69,64.92,663.6
TN85cQYnbK8.jpg,0,0,[0],1280,720,921600,1.78,107.07,89.83,0.0,0.0,107.07,1417.25
nRNgsannOCU.jpg,0,0,[0],1280,720,921600,1.78,43.52,38.89,166.9,111.09,30.85,42.91
tmPiPRtqfk4.jpg,0,0,[0],1280,720,921600,1.78,59.86,38.45,139.8,39.38,42.83,69.12
YfTS-Nzm3Xk.jpg,1,1,[0.0728],1280,720,921600,1.78,117.9,52.95,34.87,77.29,110.02,47.04
XKZL7J1owIc.jpg,0,0,[0],1280,720,921600,1.78,108.55,88.28,0.0,0.0,108.55,1771.94
1xUgqj8I9oM.jpg,0,0,[0],1280,720,921600,1.78,73.84,53.51,142.36,148.79,48.03,41.87
5RPGd89iLYg.jpg,0,0,[0],1280,720,921600,1.78,68.19,45.19,141.04,109.4,52.22,21.22
-1XU5bizpC0.jpg,0,0,[0],1280,720,921600,1.78,83.96,59.15,54.59,77.59,76.51,251.46
u2prvWlyWM8.jpg,1,1,[0.0352],1280,720,921600,1.78,47.07,39.11,81.96,27.82,40.27,50.88
79-Hkz8ZBGQ.jpg,0,0,[0],1280,720,921600,1.78,6.01,9.36,9.59,5.66,5.78,0.89
igNK6oT7h9E.jpg,1,1,[0.1506],1280,720,921600,1.78,99.1,49.39,151.42,20.58,76.97,6.26
FZ6WDO77j9o.jpg,1,2,"[0.0118, 0.012]",1280,720,921600,1.78,86.52,53.0,75.77,64.11,74.19,300.69
Lr9hHgcBxr4.jpg,0,0,[0],1280,720,921600,1.78,142.81,72.47,41.4,104.85,133.77,427.38
JqZDIdgr0nk.jpg,1,2,"[0.0083, 0.1043]",1280,720,921600,1.78,85.41,55.51,52.68,71.7,77.23,142.12
4VpShQds04I.jpg,1,1,[0.012],1280,720,921600,1.78,88.01,79.13,78.84,69.33,79.74,851.46
5HX54C0PPk0.jpg,1,1,[0.017],1280,720,921600,1.78,173.75,68.12,74.6,34.52,153.51,248.17
VCvuMpWDuLA.jpg,1,1,[0.0506],1280,720,921600,1.78,43.5,42.48,75.59,60.31,35.67,52.02
fwBzmXJ2ijU.jpg,0,0,[0],1280,720,921600,1.78,219.5,61.77,96.03,109.92,168.75,302.32
iA73REVzVAI.jpg,1,1,[0.0728],1280,720,921600,1.78,49.76,40.1,96.5,68.66,38.71,158.87
jjPBPJ-f74U.jpg,0,0,[0],1280,720,921600,1.78,219.5,61.77,96.03,109.92,168.75,302.32
4ZOHeBAFviA.jpg,0,0,[0],1280,720,921600,1.78,107.71,89.98,0.0,0.0,107.71,1324.55
bAT8mdD01E8.jpg,0,0,[0],1280,720,921600,1.78,160.37,54.58,50.23,44.99,148.7,139.11
vLeUoTE1vXQ.jpg,0,0,[0],1280,720,921600,1.78,56.04,53.42,68.67,77.24,48.29,230.86
CxeWCIKtpMs.jpg,0,0,[0],1280,720,921600,1.78,37.77,50.74,13.26,4.93,35.01,297.72
pLRTBpmV6PA.jpg,1,1,[0.1049],1280,720,921600,1.78,70.63,41.4,126.19,86.98,50.09,298.17
gEDiC6n6C5k.jpg,1,1,[0.0728],1280,720,921600,1.78,64.69,35.92,75.33,102.57,54.29,40.31
WNEbSJF8n0o.jpg,1,2,"[0.0118, 0.0083]",1280,720,921600,1.78,49.94,41.19,55.02,72.37,44.54,53.7
2vYeaxWli0o.jpg,1,1,[0.0118],1280,720,921600,1.78,96.33,50.11,117.03,23.75,77.8,77.44
lfbNFvV1l0A.jpg,0,0,[0],1280,720,921600,1.78,246.71,102.8,219.99,94.79,170.35,48.34
RsnAyN7hUhI.jpg,0,0,[0],1280,720,921600,1.78,123.79,79.18,33.45,66.73,116.78,177.76
epZDv765AyY.jpg,0,0,[0],1280,720,921600,1.78,132.35,76.2,244.0,48.54,63.71,37.48
XQO6N6mONVU.jpg,0,0,[0],1280,720,921600,1.78,98.67,62.78,93.04,159.22,82.02,222.47
rKA6HeAg4vo.jpg,0,0,[0],480,360,172800,1.33,13.6,31.26,17.83,22.85,12.88,1348.43
oI0YmX2N1nE.jpg,1,1,[0.1043],1280,720,921600,1.78,123.75,44.0,65.94,68.25,108.89,13.38
QdI7sMp5pfc.jpg,1,1,[0.0171],1280,720,921600,1.78,81.48,55.08,89.87,53.18,64.08,86.52
Chi38dlC5Hw.jpg,0,0,[0],1280,720,921600,1.78,57.28,35.49,66.88,62.44,48.89,189.74
nweet5x1Mrw.jpg,0,0,[0],1280,720,921600,1.78,86.27,49.79,69.29,132.43,74.56,61.21
M8bOB9y0c_w.jpg,0,0,[0],1280,720,921600,1.78,112.11,73.42,47.65,58.66,102.07,190.85
V96pk2NLEss.jpg,1,1,[0.0171],1280,720,921600,1.78,96.98,52.02,70.0,20.89,86.02,47.39
uydfrhqiTb0.jpg,0,0,[0],480,360,172800,1.33,118.2,82.42,52.42,80.24,103.68,815.54
zgZ4zfbHwu4.jpg,0,0,[0],480,360,172800,1.33,97.52,90.9,16.84,39.91,96.45,1397.46
S290bamu8mE.jpg,0,0,[0],1280,720,921600,1.78,71.57,36.79,101.41,37.0,59.61,49.27
gfrlf-R3SFs.jpg,1,1,[0.0118],1280,720,921600,1.78,103.6,45.36,151.18,133.59,73.64,302.19
6EdL8a8avow.jpg,0,0,[0],480,360,172800,1.33,59.64,47.23,163.46,133.58,44.26,445.44
ch4ZUpMd4mE.jpg,0,0,[0],1280,720,921600,1.78,115.08,84.59,51.06,72.35,107.85,6144.63
AM-TY0TO99A.jpg,0,0,[0],1280,720,921600,1.78,3.7,24.38,0.0,0.0,3.7,365.92
y1_Ay9bLFGM.jpg,1,1,[0.0506],1280,720,921600,1.78,89.98,45.69,74.97,63.15,78.12,14.38
xmBEWz50GCk.jpg,1,1,[0.0728],1280,720,921600,1.78,52.29,35.53,91.03,18.3,43.39,44.91
MfnDa7DJq5k.jpg,0,0,[0],1280,720,921600,1.78,251.28,27.96,4.22,14.06,249.57,523.08
YPuygEsfOnM.jpg,0,0,[0],1280,720,921600,1.78,120.39,62.01,150.82,74.26,80.22,3507.01
aOLf8VO8bZ0.jpg,0,0,[0],1280,720,921600,1.78,82.12,33.48,1.09,0.82,82.04,258.73
2Cy9JAR3vw4.jpg,0,0,[0],480,360,172800,1.33,154.92,107.41,67.7,44.75,137.14,823.88
n9UsovOZmAo.jpg,1,2,"[0.0172, 0.0244]",1280,720,921600,1.78,123.25,72.84,90.97,83.59,106.49,633.73
VzlIVEgSGPI.jpg,0,0,[0],1280,720,921600,1.78,193.15,68.58,41.03,18.92,181.53,199.25
3klQTlWgI_E.jpg,0,0,[0],1280,720,921600,1.78,116.47,61.74,64.45,43.58,105.12,213.33
NOfeYaChBF4.jpg,1,1,[0.0506],1280,720,921600,1.78,110.94,41.9,59.58,37.05,97.47,11.47
xQpdmPcMtlo.jpg,0,0,[0],1280,720,921600,1.78,98.11,53.06,92.06,129.41,78.48,135.29
ySMD-pczScw.jpg,1,1,[0.0352],1280,720,921600,1.78,55.49,36.96,83.65,39.4,45.4,89.84
creRnh8Oxq0.jpg,0,0,[0],480,360,172800,1.33,155.17,96.23,38.15,88.13,145.32,1005.97
7ZyS672E1XU.jpg,0,0,[0],1280,720,921600,1.78,85.72,62.63,101.83,147.92,70.19,120.99
30AhvW0ojPM.jpg,1,1,[0.017],1280,720,921600,1.78,155.54,47.03,50.45,58.11,140.67,94.55
nvURVHAGF8U.jpg,0,0,[0],1280,720,921600,1.78,67.72,49.13,43.29,66.94,62.01,425.23
rebNlw5akCk.jpg,1,1,[0.0352],1280,720,921600,1.78,51.34,39.4,56.21,83.64,46.03,28.88
DP1Tw_Raw8A.jpg,0,0,[0],1280,720,921600,1.78,51.5,43.91,155.8,120.94,36.83,94.19
wMiqHVKH7bw.jpg,0,0,[0],1280,720,921600,1.78,67.58,41.21,39.65,69.66,63.33,974.43
UebWGypM9zo.jpg,1,1,[0.1164],1280,720,921600,1.78,92.16,49.2,82.44,56.08,77.46,11.69
TzbOMTLKkbE.jpg,0,0,[0],1280,720,921600,1.78,53.62,59.68,86.14,55.18,46.12,225.01
PM5gF1LfIDY.jpg,1,1,[0.0352],1280,720,921600,1.78,57.84,34.22,135.16,15.91,42.7,21.5
zhQQZU1ar8I.jpg,0,0,[0],480,360,172800,1.33,3.74,22.82,0.2,0.17,3.74,251.11
3mD29Cdkr1o.jpg,0,0,[0],1280,720,921600,1.78,86.3,57.87,14.38,89.09,84.5,245.45
hgOS3WcUP5Y.jpg,0,0,[0],1280,720,921600,1.78,75.77,50.46,28.57,78.29,70.79,92.98
OIHr4Q9piRQ.jpg,1,1,[0.0448],480,360,172800,1.33,105.85,78.59,78.81,35.5,91.34,449.76
1e9pLcZXkqQ.jpg,0,0,[0],1280,720,921600,1.78,196.03,53.04,30.31,38.12,186.58,186.9
LQBQbah-9Kw.jpg,0,0,[0],1280,720,921600,1.78,172.33,70.58,137.83,135.2,115.31,62.43
3h7lL-HWXjE.jpg,0,0,[0],1280,720,921600,1.78,66.64,41.37,29.72,107.06,62.17,257.6
KmsrNIqxpOs.jpg,0,0,[0],1280,720,921600,1.78,236.53,64.79,17.71,10.5,231.5,416.77
NvDyZLOyD1o.jpg,0,0,[0],1280,720,921600,1.78,43.79,39.14,79.51,78.0,39.01,1673.77
mTVi_J6tJxU.jpg,0,0,[0],1280,720,921600,1.78,85.69,49.71,182.46,165.15,49.92,1826.57
vrlSyQ4s8IQ.jpg,0,0,[0],1280,720,921600,1.78,198.94,67.85,98.86,101.81,165.52,759.85
P5zYsyBssbQ.jpg,1,1,[0.0247],1280,720,921600,1.78,36.98,35.03,88.15,81.73,27.28,300.82
pfJEjL2CyPA.jpg,0,0,[0],1280,720,921600,1.78,77.16,52.57,113.18,103.22,65.58,271.0
0nbFxhUzrGw.jpg,0,0,[0],1280,720,921600,1.78,198.43,68.12,99.05,101.81,165.08,788.03
4Bs-I4iZAMA.jpg,0,0,[0],1280,720,921600,1.78,36.49,33.41,80.78,77.33,31.11,203.9
Vc4J471cj_Q.jpg,1,1,[0.0352],1280,720,921600,1.78,105.54,59.54,60.59,49.68,96.04,36.45
oZu2XF-_4CA.jpg,1,1,[0.1502],1280,720,921600,1.78,140.36,87.17,60.78,67.13,130.1,478.63
V8-RaTdzkjc.jpg,0,0,[0],1280,720,921600,1.78,66.28,41.93,74.71,55.39,58.41,64.99
lL2cwoZ5nyY.jpg,0,0,[0],1280,720,921600,1.78,75.95,70.8,59.27,100.85,68.98,210.05
lGy1KnHC1oA.jpg,0,0,[0],1280,720,921600,1.78,224.18,78.91,168.33,80.94,174.38,40.06
jhMclKuqymI.jpg,0,0,[0],1280,720,921600,1.78,93.52,71.84,55.41,110.51,85.33,62.15
rVZkw-fJm0A.jpg,0,0,[0],1280,720,921600,1.78,112.79,65.87,114.09,100.25,83.34,805.72
lSfhpE_MaZA.jpg,0,0,[0],1280,720,921600,1.78,108.64,88.37,0.0,0.0,108.64,1724.33
AZOHv-0uPTE.jpg,1,1,[0.0171],1280,720,921600,1.78,61.09,40.21,127.68,72.61,40.97,71.29
TzllPkDpSJ0.jpg,1,1,[0.0118],1280,720,921600,1.78,98.78,64.66,38.14,24.3,90.23,130.37
rmSPKJpdOLo.jpg,1,2,"[0.151, 0.1046]",1280,720,921600,1.78,123.24,65.32,118.57,23.46,96.52,190.49
vYL_6wKYq74.jpg,1,1,[0.1302],480,360,172800,1.33,68.05,56.97,65.8,35.74,58.02,350.04
ucgEAEol6fM.jpg,1,1,[0.0082],1280,720,921600,1.78,151.83,74.24,39.96,72.64,143.44,447.59
eCRtrwgl7h0.jpg,0,0,[0],1280,720,921600,1.78,160.71,67.57,58.18,110.85,145.43,379.94
7SXYjs_ky-A.jpg,0,0,[0],1280,720,921600,1.78,110.63,74.03,166.31,111.85,87.88,392.06
Soiz66dTpSA.jpg,1,1,[0.0352],1280,720,921600,1.78,78.64,57.19,107.25,72.08,58.33,51.61
w8swNT2Q8AM.jpg,0,0,[0],480,360,172800,1.33,134.16,111.66,29.24,39.57,130.01,1570.2
MpZ2I_U4Aa0.jpg,0,0,[0],1280,720,921600,1.78,196.72,40.4,36.94,101.29,185.3,163.99
rcn1ZswmX_0.jpg,0,0,[0],480,360,172800,1.33,74.22,51.43,59.13,39.94,63.67,1162.1
ekyc-ky1O7Y.jpg,0,0,[0],1280,720,921600,1.78,26.3,40.86,65.18,63.2,21.93,246.45
IHlKxi5580Q.jpg,1,2,"[0.0244, 0.0506]",1280,720,921600,1.78,86.76,57.29,87.04,52.51,74.15,43.79
zNiZaeLbSu8.jpg,0,0,[0],1280,720,921600,1.78,113.37,19.68,6.45,26.5,112.3,52.27
tqk7G__9kkk.jpg,0,0,[0],1280,720,921600,1.78,108.17,89.53,0.0,0.0,108.17,1682.33
o6ZiNxF3qeE.jpg,0,0,[0],1280,720,921600,1.78,60.49,50.54,9.5,12.94,59.5,956.29
GI0_IANks0I.jpg,1,1,[0.0247],1280,720,921600,1.78,66.87,59.32,47.1,69.61,61.12,285.79
hyCDMmvJu9A.jpg,0,0,[0],480,360,172800,1.33,151.33,84.31,148.17,24.84,88.7,394.68
UeWhOLTh1jM.jpg,1,1,[0.0171],1280,720,921600,1.78,80.87,53.23,46.74,41.08,75.43,68.14
T4OGZpndQgU.jpg,0,0,[0],1280,720,921600,1.78,102.7,67.08,179.84,133.47,71.71,98.15
MN8xa9KUzWM.jpg,1,2,"[0.0082, 0.0728]",1280,720,921600,1.78,152.69,65.29,37.5,29.78,140.49,333.56
cUstHOU7oGA.jpg,1,1,[0.0506],1280,720,921600,1.78,90.27,48.92,90.98,40.89,71.9,39.1
RhCu2L1gF7s.jpg,0,0,[0],480,360,172800,1.33,48.17,68.16,130.54,82.1,37.21,748.0
hsIc6lsxA0E.jpg,0,0,[0],1280,720,921600,1.78,24.4,21.7,80.66,93.09,21.18,37.74
c_4nWx8QoAQ.jpg,0,0,[0],1280,720,921600,1.78,197.63,68.56,99.33,101.82,164.39,831.0
UjE1Zjv1k-s.jpg,0,0,[0],1280,720,921600,1.78,6.38,23.22,3.29,4.91,6.31,159.24
2jY9fvfoZKk.jpg,0,0,[0],1280,720,921600,1.78,89.84,55.13,60.63,73.71,78.83,831.16
wtKO8XEXah4.jpg,0,0,[0],1280,720,921600,1.78,68.53,38.24,17.02,102.93,66.17,59.87
hbzCWYParNM.jpg,0,0,[0],1280,720,921600,1.78,193.26,66.99,132.34,80.84,152.61,350.87
JC7NHvQ44AI.jpg,0,0,[0],480,360,172800,1.33,80.45,63.73,132.15,43.15,54.33,1697.71
eftYVg4jMpc.jpg,0,0,[0],1280,720,921600,1.78,219.5,61.77,96.03,109.92,168.75,302.32
koBccw7Bjuc.jpg,0,0,[0],480,360,172800,1.33,3.74,22.83,0.21,0.17,3.74,248.79
53ylZCMifgk.jpg,0,0,[0],1280,720,921600,1.78,85.46,64.55,98.24,108.37,73.14,177.06
JcBJjsXZKak.jpg,0,0,[0],1280,720,921600,1.78,197.84,50.06,46.89,64.16,180.24,102.17
g6G3oLbELNQ.jpg,1,1,[0.0058],1280,720,921600,1.78,69.83,53.88,110.45,109.0,54.84,113.33
ZfQKQl_xhCQ.jpg,1,3,"[0.0506, 0.0506, 0.0506]",1280,720,921600,1.78,82.32,65.99,74.91,58.3,65.78,41.66
Ei_cxozKmBg.jpg,0,0,[0],1280,720,921600,1.78,73.21,56.83,54.49,32.69,67.19,356.66
NMvV4q6jQvY.jpg,1,1,[0.0632],480,360,172800,1.33,62.77,56.22,46.76,54.08,56.91,583.16
kUWpqeg64XY.jpg,1,1,[0.0506],1280,720,921600,1.78,154.06,46.01,74.77,53.1,130.48,39.65
7deBrFhC9aA.jpg,0,0,[0],480,360,172800,1.33,154.7,97.53,131.46,58.08,116.32,1077.39
hUc51gGn5wk.jpg,0,0,[0],480,360,172800,1.33,120.78,68.24,140.16,26.37,96.65,121.58
rZ0KVloLxJw.jpg,0,0,[0],1280,720,921600,1.78,7.09,18.85,23.75,28.45,5.93,26.37
DCGktcGM1Xw.jpg,0,0,[0],1280,720,921600,1.78,207.71,48.13,76.94,133.63,173.61,66.44
ueb0P6qCvcw.jpg,0,0,[0],1280,720,921600,1.78,180.66,65.54,120.22,125.18,137.77,412.73
HQo1EwrKFak.jpg,0,0,[0],1280,720,921600,1.78,132.1,79.48,141.06,36.89,108.73,257.45
fdS3EsFzlBA.jpg,0,0,[0],480,360,172800,1.33,84.05,59.27,124.83,93.15,59.35,982.88
U0AKG01mYQU.jpg,0,0,[0],1280,720,921600,1.78,84.75,53.3,181.05,96.81,61.17,23.53
Lc8h1NCuvf8.jpg,1,1,[0.0352],1280,720,921600,1.78,123.39,79.14,77.03,30.21,111.18,638.62
UyVRpjq5-sc.jpg,0,0,[0],1280,720,921600,1.78,165.66,45.11,78.35,101.04,144.01,204.82
iFmEeltAIik.jpg,0,0,[0],1280,720,921600,1.78,79.09,56.76,153.22,55.23,57.96,117.41
9wvAtXH34gg.jpg,1,1,[0.0352],1280,720,921600,1.78,57.84,34.22,135.16,15.91,42.7,21.5
4Jfyus9SY3o.jpg,1,1,[0.0352],1280,720,921600,1.78,173.45,78.93,118.5,81.12,133.99,274.13
erlbrbWwHyU.jpg,1,1,[0.0728],1280,720,921600,1.78,67.44,37.86,59.42,71.09,57.0,37.59
yF2FDycOaYI.jpg,0,0,[0],1280,720,921600,1.78,209.02,93.48,133.05,30.29,151.48,619.52
xi16lEpNGR8.jpg,0,0,[0],1280,720,921600,1.78,52.55,69.21,95.02,93.7,44.76,164.22
ojh0BP_baxI.jpg,0,0,[0],480,360,172800,1.33,110.07,75.52,44.46,53.89,101.09,727.52
CgssPOIzeQI.jpg,0,0,[0],480,360,172800,1.33,130.43,88.52,65.77,27.66,115.28,1070.91
6ZnLteIBIsw.jpg,0,0,[0],1280,720,921600,1.78,181.1,72.77,152.37,157.09,123.96,539.91
hI5rtiHgLjI.jpg,0,0,[0],1280,720,921600,1.78,51.62,44.27,97.33,58.02,41.05,183.95
aNOyAJ9V4Qw.jpg,0,0,[0],1280,720,921600,1.78,72.28,45.18,113.36,97.45,59.95,182.2
KXZMQfzfBVg.jpg,0,0,[0],1280,720,921600,1.78,219.5,61.77,96.03,109.92,168.75,302.32
VU2gBYvLr98.jpg,0,0,[0],1280,720,921600,1.78,77.25,46.27,125.32,10.4,55.78,78.12
7G97SONz3Ik.jpg,1,1,[0.0352],1280,720,921600,1.78,82.42,60.59,134.84,85.74,58.51,169.65
D1BHjWF4hkQ.jpg,0,0,[0],1280,720,921600,1.78,28.51,20.04,82.28,114.17,23.57,242.87
3hlhjGMWpYg.jpg,0,0,[0],1280,720,921600,1.78,181.23,86.27,150.38,25.21,139.2,126.09
qHZ2iCh531w.jpg,0,0,[0],1280,720,921600,1.78,71.97,50.11,61.69,64.67,63.07,262.98
t11S5FdUFTY.jpg,0,0,[0],1280,720,921600,1.78,40.45,48.43,199.43,110.45,26.79,737.98
HPwGQ-R_AxY.jpg,0,0,[0],480,360,172800,1.33,188.65,109.11,0.94,8.62,188.31,983.23
7pb2LNzpAYY.jpg,1,1,[0.0308],480,360,172800,1.33,94.48,60.86,31.8,38.71,87.96,188.32
j40MH2XHKV0.jpg,0,0,[0],480,360,172800,1.33,74.96,59.48,56.55,25.7,65.57,300.04
4b7mGY3u-98.jpg,1,1,[0.0244],1280,720,921600,1.78,84.72,56.7,109.11,105.42,69.05,414.47
i1Gv2AGkIS8.jpg,1,1,[0.1506],1280,720,921600,1.78,149.89,77.88,86.24,50.75,131.35,28.47
hpmBiil6EfA.jpg,0,0,[0],1280,720,921600,1.78,213.03,78.16,166.0,156.17,143.99,370.15
qPggXGgSmUk.jpg,0,0,[0],1280,720,921600,1.78,112.76,92.26,61.54,48.62,91.49,739.82
eMC4X40frP0.jpg,1,1,[0.0058],1280,720,921600,1.78,72.83,58.21,57.52,111.64,65.78,97.32
zHsnkSDeVzE.jpg,0,0,[0],1280,720,921600,1.78,91.74,65.32,103.28,164.52,75.89,99.53
a4_7VWSmkkU.jpg,0,0,[0],1280,720,921600,1.78,165.99,88.47,43.69,43.58,153.41,274.99
OdBkV3l6OwU.jpg,0,0,[0],1280,720,921600,1.78,78.6,41.72,82.94,44.9,67.04,17.87
8rSweIoFRN8.jpg,0,0,[0],1280,720,921600,1.78,156.57,74.96,73.65,86.91,141.08,874.55
R0-3iA6rDTg.jpg,1,1,[0.0728],1280,720,921600,1.78,111.46,71.38,68.96,52.35,97.12,1198.58
NFX5RzQNeT0.jpg,0,0,[0],1280,720,921600,1.78,168.28,58.08,142.2,84.63,134.74,632.95
ry4wv0qQ6Mg.jpg,0,0,[0],1280,720,921600,1.78,132.1,50.6,98.74,101.57,100.14,76.43
Qtl7ghktR7Q.jpg,0,0,[0],1280,720,921600,1.78,2.25,21.65,0.0,0.0,2.25,175.59
GrHk61JehMM.jpg,0,0,[0],1280,720,921600,1.78,159.96,59.66,57.6,73.34,145.81,113.47
3rJ3BPeLnUk.jpg,1,1,[0.0308],480,360,172800,1.33,57.15,45.59,82.85,68.18,41.94,58.06
4zs8kskoK_Q.jpg,1,1,[0.0308],480,360,172800,1.33,116.57,76.67,51.21,83.09,105.28,327.85
DXAg2cRtSpI.jpg,1,1,[0.0506],1280,720,921600,1.78,56.92,50.05,46.46,89.69,51.18,42.87
AeO1cn1QDfQ.jpg,0,0,[0],1280,720,921600,1.78,168.85,76.99,55.91,55.23,155.19,37.58
E9KJjYtPSoQ.jpg,0,0,[0],1280,720,921600,1.78,29.13,44.86,126.51,39.3,23.37,717.95
QwU_idhInT4.jpg,0,0,[0],1280,720,921600,1.78,175.35,92.46,17.34,32.23,170.4,1129.32
ixQSBHKHmwc.jpg,1,2,"[0.0083, 0.116]",1280,720,921600,1.78,145.22,59.8,15.28,19.04,142.34,203.45
oX-vnKOd48w.jpg,1,1,[0.0171],1280,720,921600,1.78,149.8,67.61,102.85,43.5,127.64,92.54
fAqI_9FHa7A.jpg,1,1,[0.0246],1280,720,921600,1.78,69.37,64.32,135.85,55.68,51.13,175.41
ShmRpf2FWVs.jpg,0,0,[0],480,360,172800,1.33,17.73,19.66,83.38,58.96,14.36,124.55
VryNTHQ75Co.jpg,0,0,[0],480,360,172800,1.33,53.52,53.62,18.13,22.43,50.76,281.25
G0vW7n5M1f4.jpg,0,0,[0],1280,720,921600,1.78,110.06,78.25,56.61,45.98,101.81,207.87
Rp263v3xo6I.jpg,1,1,[0.0171],1280,720,921600,1.78,154.03,78.89,100.0,41.38,130.18,312.0
ubcvzhBGiR0.jpg,0,0,[0],1280,720,921600,1.78,88.26,47.66,115.0,128.07,65.98,57.11
-f1veXRMR5M.jpg,1,2,"[0.0247, 0.012]",1280,720,921600,1.78,142.89,63.65,78.11,64.41,122.62,98.54
mjRckFszSas.jpg,0,0,[0],1280,720,921600,1.78,67.68,58.09,83.03,30.02,58.42,22.18
Y9FzfLXwKv8.jpg,0,0,[0],1280,720,921600,1.78,106.83,66.52,98.93,163.84,88.27,111.17
ZZS4TrUGsjc.jpg,0,0,[0],480,360,172800,1.33,1.79,15.52,0.0,0.0,1.79,287.03
PFESdjMvGJU.jpg,0,0,[0],1280,720,921600,1.78,174.65,75.19,17.36,109.75,168.45,194.38
LTvyNqcs-cE.jpg,1,4,"[0.0118, 0.0083, 0.0118, 0.0082]",1280,720,921600,1.78,72.3,52.82,117.63,58.2,56.01,114.83
-2aVrHh0t8s.jpg,1,1,[0.0244],1280,720,921600,1.78,128.81,43.09,64.64,42.8,114.68,22.98
-mo0023it6M.jpg,1,1,[0.0083],1280,720,921600,1.78,104.18,56.01,72.58,74.93,88.89,57.39
KaHV__P7GHg.jpg,1,1,[0.0117],1280,720,921600,1.78,96.24,67.83,63.65,97.41,86.04,115.52
SXIO2eh93S0.jpg,0,0,[0],1280,720,921600,1.78,120.56,88.47,65.12,81.11,105.59,425.98
_Mzax0mH0L0.jpg,0,0,[0],1280,720,921600,1.78,68.95,51.36,50.59,62.13,60.14,487.39
jUbafS0hSGo.jpg,0,0,[0],1280,720,921600,1.78,30.23,65.34,0.02,0.05,30.23,922.28
F9gwkViSY3Y.jpg,0,0,[0],1280,720,921600,1.78,151.55,50.96,115.53,115.13,111.49,44.51
6bA9jgFhy2U.jpg,0,0,[0],1280,720,921600,1.78,126.09,65.74,157.87,134.43,86.25,74.23
_i--4FYVyOs.jpg,1,7,"[0.0058, 0.0058, 0.0084, 0.0058, 0.0058, 0.0083, 0.0058]",1280,720,921600,1.78,103.94,80.47,78.38,69.55,92.2,453.31
QXBLerNha80.jpg,1,1,[0.0246],1280,720,921600,1.78,42.82,37.48,85.22,35.4,36.04,33.01
xZox7DHPQB8.jpg,1,1,[0.0118],1280,720,921600,1.78,76.85,43.22,132.52,89.17,51.87,27.9
EHzs3TI2SRc.jpg,1,1,[0.0506],1280,720,921600,1.78,76.75,40.42,62.58,54.78,66.21,414.73
z2Jc4OphlEg.jpg,1,1,[0.0352],1280,720,921600,1.78,145.74,63.56,75.42,74.43,124.92,299.67
pxQkKB_0Wkg.jpg,1,1,[0.0506],1280,720,921600,1.78,48.42,35.76,82.02,23.47,40.98,47.15
xQLPXa9EP9o.jpg,1,1,[0.1676],1280,720,921600,1.78,77.5,57.47,112.27,28.29,59.63,257.13
jtUcM-hVVnA.jpg,0,0,[0],1280,720,921600,1.78,193.26,66.99,132.34,80.84,152.61,350.87
FYEgiDDLcQg.jpg,1,1,[0.1046],1280,720,921600,1.78,120.51,57.61,181.31,104.3,82.2,56.19
mE0S4249iA0.jpg,0,0,[0],1280,720,921600,1.78,78.81,56.04,105.31,76.44,66.96,2318.59
IuN3stUjPZ8.jpg,0,0,[0],1280,720,921600,1.78,251.47,24.27,3.13,11.74,250.35,221.82
d2dE14igaFw.jpg,1,1,[0.0638],480,360,172800,1.33,145.48,72.82,65.21,47.6,129.12,1030.48
oqJaEAIuYVE.jpg,0,0,[0],1280,720,921600,1.78,102.66,67.07,179.6,133.45,71.71,98.07
SB2n6biiNeg.jpg,1,1,[0.0506],1280,720,921600,1.78,79.94,65.06,109.1,101.24,61.21,282.83
CUaGokrD4H4.jpg,0,0,[0],1280,720,921600,1.78,159.27,60.43,140.08,20.9,110.59,253.87
eJxT70JFoGA.jpg,0,0,[0],480,360,172800,1.33,50.25,42.85,139.57,57.73,35.89,993.28
DAaOKvyWMLs.jpg,0,0,[0],1280,720,921600,1.78,17.65,20.1,58.4,7.78,13.35,8.94
CJeGfNFJOOQ.jpg,1,1,[0.0246],1280,720,921600,1.78,188.53,54.94,37.25,92.57,175.03,90.7
14lLjTLiTgQ.jpg,0,0,[0],1280,720,921600,1.78,64.24,53.46,152.09,65.2,46.2,595.68
LH494NTXRRE.jpg,0,0,[0],1280,720,921600,1.78,67.71,46.84,158.35,13.39,46.91,44.14
mbQIldWzwO8.jpg,0,0,[0],1280,720,921600,1.78,105.83,70.17,208.98,29.49,73.22,184.33
ZXhYUGuWcdk.jpg,1,1,[0.0246],1280,720,921600,1.78,88.67,44.5,119.18,70.58,63.31,24.49
czOpMWhA8pM.jpg,0,0,[0],1280,720,921600,1.78,99.66,59.93,178.34,122.76,70.92,91.94
evyR9J9VXsk.jpg,0,0,[0],1280,720,921600,1.78,123.24,73.0,44.12,163.17,111.99,108.45
JjFmdOkoEJo.jpg,0,0,[0],1280,720,921600,1.78,200.73,42.1,27.61,116.98,189.2,412.91
isp6AgUe2gs.jpg,0,0,[0],1280,720,921600,1.78,82.73,52.4,74.61,14.01,71.43,154.8
EA4sZrWXx7k.jpg,1,1,[0.0354],1280,720,921600,1.78,85.82,42.11,72.93,48.02,74.65,39.49
5s_y_KnugP4.jpg,1,1,[0.0443],480,360,172800,1.33,29.7,52.4,135.12,76.46,25.59,1242.64
rZkzFMzngX4.jpg,0,0,[0],1280,720,921600,1.78,92.6,56.98,83.03,62.9,80.54,3191.42
95AVGnoT5Ig.jpg,0,0,[0],1280,720,921600,1.78,19.15,16.88,153.54,86.27,14.45,139.34
urvkKsFuWlk.jpg,0,0,[0],1280,720,921600,1.78,104.65,62.01,41.86,51.93,96.62,390.76
jkO_uX4i9o0.jpg,0,0,[0],1280,720,921600,1.78,36.56,39.73,16.48,29.08,35.51,680.5
K2R7XdxFaks.jpg,0,0,[0],1280,720,921600,1.78,39.27,44.22,75.46,48.58,33.65,83.53
jVBagekutC8.jpg,0,0,[0],1280,720,921600,1.78,4.45,23.37,0.0,0.0,4.45,302.33
U9NwBs5_PZI.jpg,0,0,[0],1280,720,921600,1.78,43.62,73.59,0.0,0.0,43.62,1116.45
KheI4yDInqE.jpg,1,1,[0.0247],1280,720,921600,1.78,125.47,77.44,89.05,61.72,108.6,1120.0
bfbw5ocUHQ8.jpg,0,0,[0],1280,720,921600,1.78,37.06,29.4,78.68,123.6,28.97,360.6
EvSAte9qk3g.jpg,0,0,[0],1280,720,921600,1.78,143.85,74.12,219.64,143.74,79.21,68.01
NRDEsYR1HCE.jpg,1,1,[0.0352],1280,720,921600,1.78,41.74,34.91,84.59,92.31,35.8,25.47
jUg0CSWQEI8.jpg,0,0,[0],1280,720,921600,1.78,160.37,54.58,50.23,44.99,148.7,139.11
_ERltm5bY4A.jpg,1,1,[0.0118],1280,720,921600,1.78,69.88,43.06,148.96,119.46,47.14,59.82
AGvcSCZSMr8.jpg,1,1,[0.0246],1280,720,921600,1.78,140.58,63.84,87.2,41.57,120.13,104.21
jLta3NX5pSo.jpg,0,0,[0],1280,720,921600,1.78,84.79,51.87,150.5,23.9,55.97,52.06
J-7ZwipwPiU.jpg,1,1,[0.0352],1280,720,921600,1.78,96.71,51.85,66.23,33.95,87.57,94.03
oioFoHZOAAg.jpg,1,1,[0.1046],1280,720,921600,1.78,177.95,79.08,37.37,87.87,168.1,77.88
P1BTvKwOfMc.jpg,0,0,[0],1280,720,921600,1.78,18.27,47.25,42.77,25.76,16.56,650.51
gcucSt7NWjA.jpg,0,0,[0],1280,720,921600,1.78,58.19,34.43,60.72,109.25,50.61,22.17
_dCSt_WbP6U.jpg,1,1,[0.151],1280,720,921600,1.78,99.91,58.66,67.69,72.14,88.69,40.84
EO5U7GeftyY.jpg,1,1,[0.0728],1280,720,921600,1.78,46.23,34.21,96.65,29.21,37.22,67.16
qVeoXBol3vc.jpg,0,0,[0],1280,720,921600,1.78,173.2,62.24,28.85,36.69,162.8,546.6
dBmIOrEfJcA.jpg,0,0,[0],1280,720,921600,1.78,139.69,60.28,55.03,41.96,127.99,1239.32
pY6CYeSm540.jpg,0,0,[0],1280,720,921600,1.78,159.54,56.43,28.85,120.32,151.64,239.35
HbXzWFFPXXw.jpg,0,0,[0],1280,720,921600,1.78,64.11,46.53,22.72,84.83,61.39,120.33
UQ3LY7Ch0Yk.jpg,1,1,[0.0352],1280,720,921600,1.78,79.43,57.43,106.64,70.94,59.0,51.39
gWVkPXml3JQ.jpg,0,0,[0],480,360,172800,1.33,2.8,10.01,2.17,2.57,2.73,99.11
TDHz8gpnO-c.jpg,1,1,[0.0506],1280,720,921600,1.78,153.77,45.53,75.48,53.95,130.15,30.49
M11Rab2dTWA.jpg,0,0,[0],1280,720,921600,1.78,194.87,72.07,159.86,158.69,131.18,487.65
tCwVGCpfbXM.jpg,0,0,[0],1280,720,921600,1.78,193.26,66.99,132.34,80.84,152.61,350.87
nRbpbooMyJ8.jpg,0,0,[0],1280,720,921600,1.78,118.36,67.28,113.85,150.35,94.92,140.67
QGLZ23uXcHk.jpg,0,0,[0],1280,720,921600,1.78,189.07,61.1,18.15,83.58,183.34,245.35
PEhy01KE3Jo.jpg,0,0,[0],1280,720,921600,1.78,82.94,84.73,16.09,59.89,78.36,331.26
7RzxB8nsgg8.jpg,0,0,[0],1280,720,921600,1.78,73.91,54.75,104.09,41.42,60.57,1441.58
daaejpeam10.jpg,1,1,[0.0244],1280,720,921600,1.78,205.04,65.12,61.26,26.01,186.45,321.51
SmAQmOSQaGY.jpg,0,0,[0],1280,720,921600,1.78,106.35,64.16,193.47,164.46,64.92,112.29
vfpRFcQCFrM.jpg,1,1,[0.1046],1280,720,921600,1.78,176.35,67.11,25.04,85.1,170.19,32.88
UpVi6UsrL5c.jpg,1,1,[0.0082],1280,720,921600,1.78,64.19,57.86,120.0,86.55,47.99,301.46
FWvltcAHOXE.jpg,1,1,[0.0171],1280,720,921600,1.78,182.4,78.15,208.21,130.36,114.14,439.8
XEcxWkh40M4.jpg,0,0,[0],1280,720,921600,1.78,132.1,79.48,141.06,36.89,108.73,257.45
8Sa-LP4Lvow.jpg,0,0,[0],1280,720,921600,1.78,30.11,79.33,4.94,2.77,29.23,461.86
d0iatJin5Yk.jpg,0,0,[0],1280,720,921600,1.78,120.18,82.14,37.36,21.21,111.1,162.4
Uq-u-jfbHX8.jpg,0,0,[0],1280,720,921600,1.78,42.38,40.97,59.33,60.04,35.67,144.77
yLqFmYWvc_E.jpg,0,0,[0],1280,720,921600,1.78,105.49,70.13,209.21,29.49,73.03,164.44
H_5lfovajOY.jpg,1,3,"[0.0352, 0.0728, 0.1046]",1280,720,921600,1.78,119.01,69.35,52.12,89.41,106.84,392.67
Ux7wn4Jj7ic.jpg,1,1,[0.0246],1280,720,921600,1.78,169.83,66.82,158.37,138.54,117.19,901.58
QZ5N0wglOrs.jpg,1,1,[0.0728],1280,720,921600,1.78,159.21,75.28,56.55,69.27,145.21,48.33
Gy6E2G7ZdhY.jpg,0,0,[0],1280,720,921600,1.78,13.62,22.88,0.3,1.84,13.6,64.12
lcbVp8K0Bw0.jpg,0,0,[0],1280,720,921600,1.78,122.46,69.12,161.59,137.48,89.5,98.25
dC26F5vRIbk.jpg,1,1,[0.0246],1280,720,921600,1.78,44.32,35.8,82.43,32.27,37.39,57.48
qtuPuBXAkxs.jpg,0,0,[0],480,360,172800,1.33,6.12,12.71,19.21,18.54,5.64,210.64
Y7fZ817Nkz4.jpg,1,1,[0.0352],1280,720,921600,1.78,46.75,36.91,76.79,30.72,39.8,46.26
j3EXDMnQkXA.jpg,0,0,[0],1280,720,921600,1.78,232.74,54.81,55.45,166.59,209.15,45.48
DpgdAKMUOAI.jpg,0,0,[0],1280,720,921600,1.78,6.16,28.33,0.0,0.0,6.16,205.69
-p_qjSLPEOA.jpg,1,2,"[0.0244, 0.012]",1280,720,921600,1.78,110.09,81.12,47.74,46.94,99.72,130.65
ZUrt1AH9AIg.jpg,0,0,[0],480,360,172800,1.33,85.4,65.85,98.32,53.9,70.08,743.15
swXdIE4NkYw.jpg,0,0,[0],1280,720,921600,1.78,237.42,20.15,3.29,20.93,236.22,205.06
jrTqiBN66Yw.jpg,0,0,[0],1280,720,921600,1.78,56.22,34.41,77.14,118.39,47.44,211.32
u-MaN8crd5c.jpg,0,0,[0],1280,720,921600,1.78,195.26,93.79,1.03,8.77,195.16,4908.61
7DBi9xWPbCI.jpg,0,0,[0],1280,720,921600,1.78,60.66,64.57,37.23,65.78,56.12,211.53
Y6EX84RwQ-0.jpg,0,0,[0],1280,720,921600,1.78,42.7,36.48,0.35,0.26,42.67,185.07
qmJitfThItk.jpg,0,0,[0],1280,720,921600,1.78,125.77,48.42,35.63,112.93,117.75,18.7
tVfyVfmDTfo.jpg,1,1,[0.017],1280,720,921600,1.78,97.84,69.16,72.72,70.95,87.3,173.93
kUAqdcywa_w.jpg,0,0,[0],1280,720,921600,1.78,150.88,62.92,44.88,93.82,139.96,51.13
6HjSHN1dh-I.jpg,1,1,[0.0246],1280,720,921600,1.78,69.37,64.32,135.85,55.68,51.13,175.41
_yI2UscjY3c.jpg,0,0,[0],1280,720,921600,1.78,59.02,39.39,122.28,88.14,47.63,189.6
aavtJ0TNKUM.jpg,0,0,[0],1280,720,921600,1.78,87.23,47.83,130.19,128.07,62.16,179.65
6SWHOruc4Is.jpg,1,1,[0.017],1280,720,921600,1.78,17.03,37.18,28.15,19.41,14.19,346.26
tlsyNHeDFRo.jpg,0,0,[0],1280,720,921600,1.78,88.65,45.68,84.57,33.84,76.25,6.13
B9uz_DoNUUA.jpg,0,0,[0],1280,720,921600,1.78,68.31,44.06,205.43,98.81,39.26,186.44
-XEteUlLe1Y.jpg,1,1,[0.012],1280,720,921600,1.78,94.03,46.51,70.79,126.53,84.61,85.73
SO-M3J1H0pQ.jpg,0,0,[0],1280,720,921600,1.78,102.28,46.24,63.75,114.91,93.08,953.51
SaCyN7p3DNs.jpg,0,0,[0],1280,720,921600,1.78,201.71,53.56,51.16,103.33,184.43,203.98
el029Jx_aCE.jpg,0,0,[0],1280,720,921600,1.78,52.35,41.14,124.53,68.76,40.59,65.96
BDRS_-VQlWY.jpg,0,0,[0],1280,720,921600,1.78,88.11,64.92,112.78,55.3,70.31,102.9
iKQiyD1DmfU.jpg,0,0,[0],1280,720,921600,1.78,184.06,56.47,25.83,92.83,175.41,90.94
o5yGlF-YYWw.jpg,0,0,[0],1280,720,921600,1.78,82.92,51.06,247.71,115.63,41.54,89.39
Imz7dulI0Zg.jpg,0,0,[0],1280,720,921600,1.78,26.14,40.83,60.59,60.24,21.83,262.6
_lFNpD1ltiI.jpg,1,1,[0.0352],1280,720,921600,1.78,93.89,60.09,128.78,38.51,71.95,82.26
SsAHwi0aUoo.jpg,0,0,[0],1280,720,921600,1.78,13.11,29.73,34.21,27.98,12.14,848.42
flzL7pk94nc.jpg,0,0,[0],1280,720,921600,1.78,14.0,20.11,70.27,61.31,11.45,41.04
TI7ojB00uMU.jpg,1,1,[0.1049],1280,720,921600,1.78,122.61,35.51,49.15,20.54,110.14,78.07
WInhysFBHqQ.jpg,0,0,[0],1280,720,921600,1.78,113.75,65.36,49.21,61.83,104.61,15.94
_fk1q0v-gWk.jpg,1,1,[0.0171],1280,720,921600,1.78,57.31,42.75,109.74,45.9,45.98,159.39
D4FSGoqkXJU.jpg,0,0,[0],1280,720,921600,1.78,199.78,67.4,98.52,101.81,166.25,697.43
MPM2mOykHqY.jpg,1,1,[0.0246],1280,720,921600,1.78,78.05,53.35,37.0,35.06,71.88,31.15
T5JqxR_cPaw.jpg,0,0,[0],1280,720,921600,1.78,198.63,54.32,112.28,25.8,149.46,113.41
tOcJIuR6s2c.jpg,0,0,[0],1280,720,921600,1.78,22.97,25.4,0.47,3.06,22.94,244.15
VNa_f3PCvyU.jpg,0,0,[0],1280,720,921600,1.78,199.53,76.94,77.91,80.8,160.66,479.22
a2XtnUHd1f4.jpg,0,0,[0],1280,720,921600,1.78,108.95,89.39,0.0,0.0,108.95,1400.83
Osrse1OXeqU.jpg,1,1,[0.0728],1280,720,921600,1.78,80.78,47.19,80.44,36.25,69.15,34.47
2EwXoOFXszE.jpg,0,0,[0],480,360,172800,1.33,17.72,41.42,0.2,0.32,17.71,1181.86
kH-aZyqNHc0.jpg,0,0,[0],1280,720,921600,1.78,107.06,69.89,82.26,97.83,90.45,182.49
xJvZwzsefCU.jpg,0,0,[0],1280,720,921600,1.78,200.03,67.26,98.42,101.81,166.47,677.47
hfTUQZ4D0s4.jpg,0,0,[0],1280,720,921600,1.78,82.92,51.06,247.71,115.63,41.54,89.39
XkJomXQb5Io.jpg,0,0,[0],1280,720,921600,1.78,66.19,44.19,100.04,22.87,55.44,157.5
inSKuLzM0Ik.jpg,0,0,[0],1280,720,921600,1.78,178.51,39.64,29.66,94.04,171.73,100.12
Lehv58xdGUQ.jpg,0,0,[0],1280,720,921600,1.78,224.75,64.75,73.61,116.11,191.49,299.21
Qtneja6IYmc.jpg,0,0,[0],480,360,172800,1.33,70.18,56.84,59.01,34.48,61.07,369.31
oAA5HA6LEFU.jpg,0,0,[0],1280,720,921600,1.78,185.39,55.53,30.68,32.57,176.83,183.15
54CTzbhQY4E.jpg,0,0,[0],1280,720,921600,1.78,89.02,67.77,86.72,97.99,76.11,153.04
n6A_3K3YL4Q.jpg,0,0,[0],1280,720,921600,1.78,224.0,62.9,37.97,95.26,212.06,113.39
N8E4BC6mFZg.jpg,0,0,[0],1280,720,921600,1.78,17.29,39.84,13.53,31.45,16.77,141.02
Roy4_xsfYio.jpg,1,1,[0.1043],1280,720,921600,1.78,81.69,43.03,127.71,96.88,57.36,104.42
E4gduoAR1gI.jpg,0,0,[0],1280,720,921600,1.78,138.79,63.69,59.9,55.07,122.36,1229.28
OIhlSl7Gcmg.jpg,0,0,[0],1280,720,921600,1.78,81.5,54.79,25.65,87.25,78.62,47.16
BOSo4lB3LrI.jpg,0,0,[0],1280,720,921600,1.78,109.54,72.11,83.63,104.72,95.59,618.77
GTdHN5RwkLs.jpg,1,1,[0.0308],480,360,172800,1.33,141.86,93.1,39.16,61.53,132.63,1067.53
IYHlVFbKNh4.jpg,0,0,[0],1280,720,921600,1.78,81.83,44.32,130.73,125.55,57.39,114.58
anVmgeMlhDk.jpg,0,0,[0],1280,720,921600,1.78,209.86,61.06,72.63,72.45,183.09,851.68
TCDV7YJ-0DQ.jpg,0,0,[0],480,360,172800,1.33,107.36,75.64,133.48,68.82,71.76,820.93
P6kpbp2zlUQ.jpg,0,0,[0],1280,720,921600,1.78,113.97,87.12,57.08,58.23,105.47,291.39
e-W5ApPqUw4.jpg,1,1,[0.0083],1280,720,921600,1.78,102.01,51.89,82.33,72.03,85.2,468.55
ZbbgDk2RjbU.jpg,0,0,[0],1280,720,921600,1.78,161.64,94.9,89.06,76.97,145.01,175.63
iQItVlzN0nA.jpg,0,0,[0],1280,720,921600,1.78,30.83,53.7,0.21,0.42,30.82,1997.75
Z-xyrjZJvzY.jpg,1,1,[0.0354],1280,720,921600,1.78,154.79,60.79,67.77,34.37,137.65,182.61
jrhk_h-yr_E.jpg,0,0,[0],1280,720,921600,1.78,90.55,53.63,29.16,45.46,85.01,109.11
bKczfeM3g1g.jpg,0,0,[0],1280,720,921600,1.78,205.5,45.77,123.91,137.52,158.77,73.7
HZ1HcU_MNpg.jpg,1,2,"[0.017, 0.0118]",1280,720,921600,1.78,166.89,63.97,127.81,68.62,124.09,169.85
4CqhsHEgP9o.jpg,0,0,[0],1280,720,921600,1.78,151.69,44.01,38.67,55.16,138.66,1824.16
EvwxD1PcXZ4.jpg,1,1,[0.2163],1280,720,921600,1.78,62.68,37.35,119.27,79.66,48.68,15.51
T-IcvQ8GvYk.jpg,0,0,[0],1280,720,921600,1.78,162.26,57.52,77.79,105.84,134.98,179.52
WHG-pN3Xv1Y.jpg,0,0,[0],1280,720,921600,1.78,16.2,45.41,21.42,23.99,15.54,1255.52
DtCzsB-LQ5g.jpg,0,0,[0],1280,720,921600,1.78,204.95,68.12,181.21,162.34,126.19,93.63
X62C4rTXiWM.jpg,1,1,[0.1049],1280,720,921600,1.78,133.32,52.65,62.65,40.98,117.05,53.54
EECYeirdn1U.jpg,1,1,[0.017],1280,720,921600,1.78,100.63,69.27,175.23,134.83,78.97,1636.62
AXIAHzRxxDs.jpg,0,0,[0],1280,720,921600,1.78,223.73,77.98,82.65,49.37,185.73,214.71
6SI4nHRzSCc.jpg,1,1,[0.1046],1280,720,921600,1.78,88.9,44.87,94.02,86.46,71.05,7.36
txpltyYtLic.jpg,0,0,[0],1280,720,921600,1.78,205.13,61.58,22.35,94.76,197.75,141.93
Km8R7rFG-tM.jpg,0,0,[0],1280,720,921600,1.78,23.52,39.69,104.18,60.04,15.89,345.92
OfEK9XpNwrE.jpg,0,0,[0],1280,720,921600,1.78,186.32,69.68,31.4,47.09,177.73,480.17
yoe0YYj0PyM.jpg,0,0,[0],1280,720,921600,1.78,108.13,68.45,147.15,151.75,81.81,266.79
pqq2LMjmwGE.jpg,1,1,[0.0506],1280,720,921600,1.78,85.77,46.43,179.16,142.3,47.14,462.28
7Xx3atjWvTM.jpg,1,1,[0.0506],1280,720,921600,1.78,79.54,54.87,101.59,88.62,58.62,750.46
VnYrhAZvUuY.jpg,1,1,[0.1046],1280,720,921600,1.78,110.04,54.14,77.66,54.93,93.03,64.02
_T6OP0eB8V4.jpg,0,0,[0],1280,720,921600,1.78,73.06,62.07,108.23,64.11,63.01,56.86
ZEhbbO09PUY.jpg,0,0,[0],1280,720,921600,1.78,36.37,63.63,23.83,11.32,34.14,1154.75
2OWtpZ-Bnvc.jpg,1,1,[0.0083],1280,720,921600,1.78,44.52,52.25,51.33,26.75,36.78,603.45
8X8k2HQtH3E.jpg,0,0,[0],1280,720,921600,1.78,176.2,59.41,127.24,131.96,130.87,398.14
yv66OReetd4.jpg,0,0,[0],1280,720,921600,1.78,49.22,24.87,96.82,90.14,40.33,70.64
fNzmwnRGHP0.jpg,0,0,[0],480,360,172800,1.33,134.33,109.72,79.77,44.17,115.67,1155.1
73OT-fC0YhI.jpg,0,0,[0],1280,720,921600,1.78,62.06,43.79,130.32,78.68,42.68,130.89
50oi7GEYSO8.jpg,1,1,[0.0354],1280,720,921600,1.78,144.84,73.96,74.26,29.54,128.45,167.69
VkN91RBfB-8.jpg,0,0,[0],1280,720,921600,1.78,46.92,57.71,46.13,74.19,44.1,155.01
r_NWxxNPoF8.jpg,0,0,[0],1280,720,921600,1.78,85.34,52.25,163.63,17.13,54.98,194.56
ZOAtZUnD718.jpg,1,2,"[0.0118, 0.0244]",1280,720,921600,1.78,109.61,73.12,65.67,81.94,97.42,170.14
nVVJmiBMETw.jpg,0,0,[0],480,360,172800,1.33,151.83,85.49,134.78,129.6,103.21,611.75
7KW7LG5PK9U.jpg,0,0,[0],1280,720,921600,1.78,96.53,59.52,187.9,145.75,68.43,534.4
czIXyP4Cke0.jpg,1,1,[0.0506],1280,720,921600,1.78,71.2,48.25,122.15,87.73,51.65,26.21
2RC0OsX2td4.jpg,0,0,[0],1280,720,921600,1.78,64.48,50.82,125.35,119.29,46.14,164.6
caN_e8f4FGs.jpg,0,0,[0],1280,720,921600,1.78,212.73,52.87,25.54,141.22,204.18,58.63
8HR7L7FY9bw.jpg,1,1,[0.0244],1280,720,921600,1.78,150.33,67.99,101.78,30.5,125.48,681.41
-RFea_mE99U.jpg,0,0,[0],1280,720,921600,1.78,103.45,66.33,58.65,92.51,92.82,101.12
Bl9ZR1d7dsc.jpg,0,0,[0],1280,720,921600,1.78,192.51,67.02,131.83,117.02,149.02,64.97
wU-m98byK9o.jpg,0,0,[0],1280,720,921600,1.78,67.01,71.44,20.21,61.58,62.9,71.98
mk8JpfbhAgI.jpg,1,1,[0.1046],1280,720,921600,1.78,191.54,73.63,43.53,76.57,179.19,403.73
h68rjMS8JMo.jpg,0,0,[0],1280,720,921600,1.78,114.84,63.95,213.01,166.19,66.83,32.88
TCX6b0-voKw.jpg,0,0,[0],1280,720,921600,1.78,70.03,55.61,43.6,76.46,65.61,179.51
wqp8i7oGg1g.jpg,1,1,[0.0058],1280,720,921600,1.78,38.58,42.08,85.23,76.16,31.36,411.22
mJwGiaOeo2I.jpg,0,0,[0],1280,720,921600,1.78,49.34,42.2,165.23,81.03,32.85,446.29
UHGV0kHBovU.jpg,1,1,[0.1676],1280,720,921600,1.78,114.92,55.25,84.28,48.45,98.77,75.68
HDZrWzI4Ljg.jpg,0,0,[0],1280,720,921600,1.78,97.74,65.72,93.06,16.7,81.74,137.66
7GPXkUVQ4J0.jpg,0,0,[0],1280,720,921600,1.78,162.06,66.45,77.33,40.85,142.56,220.05
u29rkSkb0Qs.jpg,0,0,[0],1280,720,921600,1.78,26.6,45.79,1.38,6.31,26.53,895.85
SXR9E4_0zC8.jpg,0,0,[0],1280,720,921600,1.78,108.17,89.51,0.0,0.0,108.17,1675.2
M3r0x2eU_B8.jpg,1,2,"[0.1043, 0.0728]",1280,720,921600,1.78,113.07,53.65,87.99,61.77,92.01,106.55
3xKKkkmOrRc.jpg,0,0,[0],1280,720,921600,1.78,91.99,60.96,179.91,87.83,69.99,78.78
oU91FBSaw6c.jpg,0,0,[0],1280,720,921600,1.78,56.96,55.66,98.72,58.15,47.97,200.1
dFq1VkU6cd4.jpg,0,0,[0],1280,720,921600,1.78,144.54,65.08,186.17,90.1,108.04,100.21
lhsmcCJlM4w.jpg,0,0,[0],1280,720,921600,1.78,23.0,26.67,50.19,72.42,20.27,107.93
x3tDkZZ2QqI.jpg,0,0,[0],480,360,172800,1.33,131.65,83.93,69.6,42.32,114.9,5797.19
7kw9sx67szw.jpg,0,0,[0],1280,720,921600,1.78,249.07,30.8,4.3,16.49,247.47,633.34
UTxgLhm20BI.jpg,1,1,[0.1302],480,360,172800,1.33,102.82,71.8,47.61,48.69,93.5,791.78
4N1plRuv3Gc.jpg,1,1,[0.017],1280,720,921600,1.78,64.49,39.37,130.38,104.08,46.35,49.64
0jj_YQ0N1dc.jpg,0,0,[0],1280,720,921600,1.78,192.74,70.19,110.94,82.79,163.68,431.02
_kL9UZDS2zM.jpg,1,5,"[0.0084, 0.0058, 0.0083, 0.0118, 0.0118]",1280,720,921600,1.78,54.76,31.89,121.65,139.55,46.27,66.5
e7t7Q2P5nWo.jpg,1,1,[0.0728],1280,720,921600,1.78,112.18,49.62,43.63,45.91,104.81,175.26
lViqLJtoAHs.jpg,1,1,[0.0506],1280,720,921600,1.78,101.96,49.53,61.21,72.15,89.92,218.84
OldzjDor0_U.jpg,1,2,"[0.0246, 0.0058]",1280,720,921600,1.78,67.05,72.52,0.0,0.0,67.05,354.3
DxbqeiYwN_Q.jpg,0,0,[0],1280,720,921600,1.78,84.95,60.01,78.65,25.32,70.78,126.92
La-3sMmFizI.jpg,1,1,[0.0118],1280,720,921600,1.78,69.82,45.05,127.89,53.94,45.54,41.07
H0995PrH5W8.jpg,1,1,[0.0058],1280,720,921600,1.78,35.38,65.12,23.97,11.34,33.15,1292.4
lrIHl8ouzyI.jpg,0,0,[0],1280,720,921600,1.78,127.56,80.88,136.05,21.03,97.45,1315.11
P3KtGTcIoPw.jpg,0,0,[0],480,360,172800,1.33,108.15,73.7,51.41,37.92,99.02,1781.42
SMnRWyFWxkc.jpg,0,0,[0],1280,720,921600,1.78,175.08,82.78,32.52,50.28,162.58,421.84
8dREba4kbvs.jpg,0,0,[0],1280,720,921600,1.78,66.45,47.53,88.71,28.6,58.32,564.68
4IJ2pV6j2aI.jpg,0,0,[0],1280,720,921600,1.78,183.75,57.34,14.18,86.59,177.98,23.78
gJWZH91bbnM.jpg,0,0,[0],1280,720,921600,1.78,69.62,49.25,120.71,99.53,55.39,169.36
wN-3_fgnE2E.jpg,1,1,[0.0244],1280,720,921600,1.78,184.68,49.15,73.06,115.62,155.11,59.94
k59JH3Ftz1E.jpg,0,0,[0],1280,720,921600,1.78,124.56,96.89,66.99,17.86,113.74,328.06
N4JIm8eSdpQ.jpg,0,0,[0],1280,720,921600,1.78,66.96,37.87,213.74,117.64,33.8,34.45
7CaM7-gHTo4.jpg,0,0,[0],1280,720,921600,1.78,117.85,77.5,159.89,81.44,88.04,336.79
dvY921lzbiU.jpg,1,1,[0.0728],1280,720,921600,1.78,157.67,76.2,44.02,35.47,147.54,30.65
cJgIYpCKt88.jpg,0,0,[0],1280,720,921600,1.78,1.95,15.8,0.0,0.0,1.95,156.1
vdeTeGheeTM.jpg,0,0,[0],1280,720,921600,1.78,32.87,22.96,116.25,74.75,26.08,6.19
8zf-4spL3j8.jpg,0,0,[0],1280,720,921600,1.78,66.38,60.09,23.1,72.64,63.89,86.25
upL0seoy_9I.jpg,0,0,[0],1280,720,921600,1.78,144.38,78.02,100.99,98.3,129.78,205.9
75mifasICns.jpg,1,1,[0.0244],1280,720,921600,1.78,100.2,73.81,148.66,46.28,82.78,85.35
NeHP7lBJIp0.jpg,0,0,[0],1280,720,921600,1.78,222.29,55.95,55.27,21.96,190.84,484.46
EP2CeGhiKvU.jpg,1,1,[0.0244],1280,720,921600,1.78,46.11,50.54,80.23,88.94,38.79,110.0
1NGPn2Be2ww.jpg,1,1,[0.012],1280,720,921600,1.78,63.27,61.98,84.35,74.42,49.22,851.0
ohYAinKHGMo.jpg,0,0,[0],1280,720,921600,1.78,96.0,86.71,51.28,59.1,91.64,822.22
gq29wEazZ9M.jpg,1,1,[0.0728],1280,720,921600,1.78,66.26,44.91,97.88,87.53,52.1,13.88
3Q5Ev6WmGZg.jpg,1,1,[0.0911],480,360,172800,1.33,85.28,54.15,70.61,60.52,72.38,147.43
wfQGpAGtISc.jpg,1,1,[0.0728],1280,720,921600,1.78,128.89,47.39,73.43,41.52,112.91,18.66
5EI3f6t9FXA.jpg,0,0,[0],480,360,172800,1.33,126.56,81.34,79.93,91.96,101.17,920.31
ODNl5MAX0sI.jpg,1,1,[0.0352],1280,720,921600,1.78,68.75,41.09,94.42,69.55,56.84,46.03
56RxLg8BojE.jpg,1,1,[0.0506],1280,720,921600,1.78,55.68,41.71,87.36,97.05,44.8,56.16
LmkGBmJs2BM.jpg,0,0,[0],1280,720,921600,1.78,83.37,61.96,48.49,41.21,77.79,233.18
SgTEmHT2BCI.jpg,0,0,[0],1280,720,921600,1.78,141.17,51.59,75.24,32.45,116.31,345.95
BZiAiHGF3zY.jpg,0,0,[0],1280,720,921600,1.78,133.3,63.58,135.7,105.89,98.15,410.06
ftgFlNh1Vq0.jpg,0,0,[0],1280,720,921600,1.78,91.74,65.32,103.28,164.52,75.89,99.53
NmvZUqisjE4.jpg,1,1,[0.0171],1280,720,921600,1.78,90.28,48.28,57.61,55.22,81.02,30.21
8llu1Y7eExQ.jpg,1,1,[0.0506],1280,720,921600,1.78,41.78,30.87,57.81,38.86,36.87,20.48
7GLHVt4JMME.jpg,0,0,[0],1280,720,921600,1.78,163.42,38.42,76.06,91.46,144.58,175.22
lis0OlvaB8U.jpg,1,1,[0.0506],1280,720,921600,1.78,116.14,59.02,68.38,85.3,103.83,237.62
OL8Nwy7h-Lo.jpg,1,1,[0.2168],1280,720,921600,1.78,128.85,71.91,121.59,16.82,101.52,146.18
GR3y-Klaq-8.jpg,0,0,[0],1280,720,921600,1.78,41.02,46.19,207.47,146.97,31.72,184.65
